run_id,stage,model_id,preprocessing_mode,epoch,train_loss,val_loss,val_accuracy,val_macro_f1,val_kappa
screen_B2-4_none,screen,B2-4,none,1,1.4694636272661614,1.1775903615606838,0.5783132530120482,0.5092382918079512,0.6350140519094065
screen_B2-4_none,screen,B2-4,none,2,1.1026059352990352,1.0294374866657947,0.5662650602409639,0.44715854194115057,0.6562901613594174
screen_B2-4_none,screen,B2-4,none,3,0.9718246015635403,0.9649750561599272,0.6626506024096386,0.5273125342090859,0.7203104258143571
screen_B2-4_none,screen,B2-4,none,4,0.8521258883404009,0.8989729371415563,0.7108433734939759,0.5767295172345012,0.8106103822019395
screen_B2-4_none,screen,B2-4,none,5,0.698068749182152,0.9660551878343145,0.6987951807228916,0.5537608225108225,0.7805869992543889
screen_B2-4_none,screen,B2-4,none,6,0.6372563158020829,0.9068482798266123,0.6867469879518072,0.5407061994609165,0.7066324762630813
screen_B2-4_none,screen,B2-4,none,7,0.5266552117737857,0.8372627618801163,0.6626506024096386,0.5145185185185185,0.6374308920892772
screen_B2-4_none,screen,B2-4,none,8,0.5105694508010691,0.9861188107226269,0.5903614457831325,0.45093652004407153,0.6875488315931529
screen_B2-4_none,screen,B2-4,none,9,0.3930027088432601,0.9330820455608597,0.6626506024096386,0.5107064947407072,0.7264221158958001
screen_B2-4_none,screen,B2-4,none,10,0.4574830671151479,0.9381590090602278,0.6987951807228916,0.5365820608757206,0.818274704422712
screen_B2-4_gamma_correction,screen,B2-4,gamma_correction,1,1.4543853759765626,1.1247521818402302,0.5662650602409639,0.46782657148881057,0.6306246909510467
screen_B2-4_gamma_correction,screen,B2-4,gamma_correction,2,1.1552385727564494,0.93067771339991,0.6626506024096386,0.5578256963162623,0.7632829829935566
screen_B2-4_gamma_correction,screen,B2-4,gamma_correction,3,1.0081946835373388,0.9045610768967364,0.6626506024096386,0.5733221288515405,0.7235828765697634
screen_B2-4_gamma_correction,screen,B2-4,gamma_correction,4,0.8849181807402409,0.8235458868095674,0.7469879518072289,0.59783747964381,0.8766890696851787
screen_B2-4_gamma_correction,screen,B2-4,gamma_correction,5,0.7244840158657594,0.9041560694395777,0.7590361445783133,0.6361629881154499,0.8321508140531277
screen_B2-4_gamma_correction,screen,B2-4,gamma_correction,6,0.6363546252250671,0.8402262229517282,0.6987951807228916,0.5597862780813601,0.8301580581428168
screen_B2-4_gamma_correction,screen,B2-4,gamma_correction,7,0.5648039915796482,0.7932348840207939,0.6867469879518072,0.5219114219114219,0.8127071433608349
screen_B2-4_gamma_correction,screen,B2-4,gamma_correction,8,0.5358482040239103,0.855838905615979,0.6987951807228916,0.5857989417989418,0.8214927899023375
screen_B2-4_gamma_correction,screen,B2-4,gamma_correction,9,0.40721931222713353,0.8075284268482622,0.6867469879518072,0.5165298142717497,0.8232066139571825
screen_B2-4_gamma_correction,screen,B2-4,gamma_correction,10,0.4545878520743413,0.8521572021116693,0.6626506024096386,0.4800991279252148,0.7970514203523913
screen_B2-4_gamma_correction,screen,B2-4,gamma_correction,11,0.4306261064202497,0.8843823089657059,0.7108433734939759,0.55820649938297,0.7327907397359379
screen_B2-4_gray_gamma_clahe,screen,B2-4,gray_gamma_clahe,1,1.4592729084419482,1.1779284161257457,0.5421686746987951,0.4704591532498509,0.6625896991763583
screen_B2-4_gray_gamma_clahe,screen,B2-4,gray_gamma_clahe,2,1.1270118991533915,0.98874488077968,0.6746987951807228,0.5788373994820771,0.750117886031412
screen_B2-4_gray_gamma_clahe,screen,B2-4,gray_gamma_clahe,3,1.025427441705357,0.9482741183545216,0.6385542168674698,0.5457142857142856,0.7363327423167849
screen_B2-4_gray_gamma_clahe,screen,B2-4,gray_gamma_clahe,4,0.8775168572411393,0.9174537881311163,0.6144578313253012,0.5043771043771044,0.7272032408469006
screen_B2-4_gray_gamma_clahe,screen,B2-4,gray_gamma_clahe,5,0.6814110799269243,0.9223554902766125,0.6506024096385542,0.5309814563545906,0.7566474572844
screen_B2-4_gray_gamma_clahe,screen,B2-4,gray_gamma_clahe,6,0.5890742643312974,0.9137263197496713,0.6385542168674698,0.49513858424725826,0.7475824363574235
screen_B2-4_gray_gamma_clahe,screen,B2-4,gray_gamma_clahe,7,0.5224788551980799,0.8705538748258568,0.6867469879518072,0.5918407128933445,0.8091549046658884
screen_B2-4_gray_gamma_clahe,screen,B2-4,gray_gamma_clahe,8,0.5019145262286518,0.8845209745039423,0.6746987951807228,0.5873382269904008,0.802480709598327
screen_B2-4_gray_gamma_clahe,screen,B2-4,gray_gamma_clahe,9,0.41104970362150306,0.9454865355089487,0.6626506024096386,0.5848017936805122,0.8058905210845575
screen_B2-4_gray_gamma_clahe,screen,B2-4,gray_gamma_clahe,10,0.4373751183350881,0.9496824367936835,0.6626506024096386,0.56011544011544,0.8399109792284867
screen_B2-4_gray_gamma_clahe,screen,B2-4,gray_gamma_clahe,11,0.3992537722443089,1.1563091780765946,0.6385542168674698,0.5321524898304829,0.7537252600345626
screen_B2-4_gray_gamma_clahe,screen,B2-4,gray_gamma_clahe,12,0.27292803580110725,0.9912299161933991,0.6506024096385542,0.5129148629148629,0.7535747193120159
screen_B2-4_gray_gamma_clahe,screen,B2-4,gray_gamma_clahe,13,0.3428455979704405,0.9782809331474533,0.7108433734939759,0.6397381902466648,0.8055049283987353
screen_B2-4_gray_gamma_clahe,screen,B2-4,gray_gamma_clahe,14,0.3541947817091237,0.9080146547541561,0.6746987951807228,0.5318433289210196,0.8145852850039634
screen_B2-4_gray_gamma_clahe,screen,B2-4,gray_gamma_clahe,15,0.3445037421177734,0.9090615317045924,0.6987951807228916,0.5508757525998906,0.8249916768394185
screen_B2-4_gray_gamma_clahe,screen,B2-4,gray_gamma_clahe,16,0.2939337544933413,1.0860019821718514,0.6746987951807228,0.5794994622863475,0.8157570205419118
screen_B2-4_gray_gamma_clahe,screen,B2-4,gray_gamma_clahe,17,0.27609403027278007,1.0075440830494984,0.6506024096385542,0.55837870538415,0.8291176470588235
screen_B2-4_gray_gamma_clahe,screen,B2-4,gray_gamma_clahe,18,0.22768247755187931,1.0203228255352341,0.6746987951807228,0.5754940711462451,0.8062256809338522
screen_B2-4_gray_gamma_clahe,screen,B2-4,gray_gamma_clahe,19,0.21192129642674418,1.003588387585548,0.6867469879518072,0.5940667041416474,0.8095322153574581
screen_B2-4_green_histmatch_median_clahe_unsharp_crop,screen,B2-4,green_histmatch_median_clahe_unsharp_crop,1,1.458615433808529,1.163346976400858,0.5542168674698795,0.4461991341991342,0.6273179091688089
screen_B2-4_green_histmatch_median_clahe_unsharp_crop,screen,B2-4,green_histmatch_median_clahe_unsharp_crop,2,1.1414083697579123,1.0188081731279213,0.5903614457831325,0.4392662871600253,0.654228235713014
screen_B2-4_green_histmatch_median_clahe_unsharp_crop,screen,B2-4,green_histmatch_median_clahe_unsharp_crop,3,1.0202425559361776,0.9258269753800817,0.6867469879518072,0.5351558000822707,0.7124004718372162
screen_B2-4_green_histmatch_median_clahe_unsharp_crop,screen,B2-4,green_histmatch_median_clahe_unsharp_crop,4,0.8700287842389309,0.9183302571974605,0.7228915662650602,0.5654791243600613,0.8371645382195076
screen_B2-4_green_histmatch_median_clahe_unsharp_crop,screen,B2-4,green_histmatch_median_clahe_unsharp_crop,5,0.6972503169016404,1.0273061128984016,0.6265060240963856,0.49393681495809155,0.700704344016446
screen_B2-4_green_histmatch_median_clahe_unsharp_crop,screen,B2-4,green_histmatch_median_clahe_unsharp_crop,6,0.5993352263262778,0.9876342494803739,0.6746987951807228,0.5081581311769992,0.7992844601980985
screen_B2-4_green_histmatch_median_clahe_unsharp_crop,screen,B2-4,green_histmatch_median_clahe_unsharp_crop,7,0.5306372451059747,0.9453845052834017,0.6626506024096386,0.5116267339218159,0.821744966442953
screen_B2-4_green_histmatch_median_clahe_unsharp_crop,screen,B2-4,green_histmatch_median_clahe_unsharp_crop,8,0.49538245995839436,0.9948932765478111,0.6144578313253012,0.4728383941498696,0.6887866996816414
screen_B2-4_green_histmatch_median_clahe_unsharp_crop,screen,B2-4,green_histmatch_median_clahe_unsharp_crop,9,0.406781501074632,1.0114854976355312,0.6626506024096386,0.5134691745036573,0.7869175312115351
screen_B2-4_green_histmatch_median_clahe_unsharp_crop,screen,B2-4,green_histmatch_median_clahe_unsharp_crop,10,0.4423283276007031,1.0497445219970611,0.6626506024096386,0.49858058608058614,0.7823654861378178
screen_B2-4_green_clahe_bgsub_mask,screen,B2-4,green_clahe_bgsub_mask,1,1.4985457369775483,1.1542149430297943,0.5783132530120482,0.47949699289229086,0.7565678627145085
screen_B2-4_green_clahe_bgsub_mask,screen,B2-4,green_clahe_bgsub_mask,2,1.1488199158148331,0.9951603556253824,0.6506024096385542,0.48972431077694234,0.8125856005922636
screen_B2-4_green_clahe_bgsub_mask,screen,B2-4,green_clahe_bgsub_mask,3,1.0132339658159197,0.947211449404797,0.6506024096385542,0.5510203717100268,0.7618535255720537
screen_B2-4_green_clahe_bgsub_mask,screen,B2-4,green_clahe_bgsub_mask,4,0.8894841306137317,0.8679611176611429,0.6746987951807228,0.5069592476489028,0.7467968273337401
screen_B2-4_green_clahe_bgsub_mask,screen,B2-4,green_clahe_bgsub_mask,5,0.6803074950521643,0.8640547319349036,0.6987951807228916,0.5960012850717499,0.8004181913225301
screen_B2-4_green_clahe_bgsub_mask,screen,B2-4,green_clahe_bgsub_mask,6,0.603676536769578,0.8568663306264992,0.7228915662650602,0.6151515151515152,0.8357263665479147
screen_B2-4_green_clahe_bgsub_mask,screen,B2-4,green_clahe_bgsub_mask,7,0.5335337834827828,0.8432125862104347,0.6626506024096386,0.5797523219814241,0.843441671503192
screen_B2-4_green_clahe_bgsub_mask,screen,B2-4,green_clahe_bgsub_mask,8,0.5572578260392854,0.8395446122410786,0.6746987951807228,0.5572091147408752,0.8012920387611628
screen_B2-4_green_clahe_bgsub_mask,screen,B2-4,green_clahe_bgsub_mask,9,0.4378971810142199,0.8550865822527782,0.7108433734939759,0.5552472089314194,0.8306687933528691
screen_B2-4_green_clahe_bgsub_mask,screen,B2-4,green_clahe_bgsub_mask,10,0.43072530085390265,0.9312750129814608,0.6506024096385542,0.4929631771737034,0.8381590081306796
screen_B2-4_green_clahe_bgsub_mask,screen,B2-4,green_clahe_bgsub_mask,11,0.3969435922575719,1.0596441730677364,0.6385542168674698,0.5333632119514473,0.750582435763244
screen_B2-4_green_clahe_bgsub_mask,screen,B2-4,green_clahe_bgsub_mask,12,0.276746762905157,1.0139860471329056,0.6867469879518072,0.6033852876569766,0.767443449736896
screen_B2-4_clean_green_masked,screen,B2-4,clean_green_masked,1,1.4703968524932862,1.1499104381325733,0.5421686746987951,0.42739762969271167,0.7257531584062196
screen_B2-4_clean_green_masked,screen,B2-4,clean_green_masked,2,1.146218729019165,1.048108421176313,0.6024096385542169,0.4525399584721619,0.7921327678899389
screen_B2-4_clean_green_masked,screen,B2-4,clean_green_masked,3,1.0014982570301403,1.0245338965611286,0.5662650602409639,0.4428013982695336,0.7107044708090355
screen_B2-4_clean_green_masked,screen,B2-4,clean_green_masked,4,0.8569557708321196,0.9425146583333073,0.6024096385542169,0.4811268875366238,0.6207803306708739
screen_B2-4_clean_green_masked,screen,B2-4,clean_green_masked,5,0.6917900442173986,0.921772149133395,0.6867469879518072,0.5280272215269086,0.7982556476980269
screen_B2-4_clean_green_masked,screen,B2-4,clean_green_masked,6,0.6314808485182849,0.8651788557868406,0.7228915662650602,0.5556346749226007,0.7891342583545046
screen_B2-4_clean_green_masked,screen,B2-4,clean_green_masked,7,0.5281878658316352,0.927707481097026,0.6506024096385542,0.492822910578609,0.7874193217908001
screen_B2-4_clean_green_masked,screen,B2-4,clean_green_masked,8,0.49953441150260697,0.9108942316239139,0.7108433734939759,0.5615738284703802,0.8501645959435065
screen_B2-4_clean_green_masked,screen,B2-4,clean_green_masked,9,0.4181075694886121,0.9529639279626938,0.6867469879518072,0.5215349182111564,0.8409674270633745
screen_B2-4_clean_green_masked,screen,B2-4,clean_green_masked,10,0.418920295437177,1.1180887502360057,0.6626506024096386,0.5880508714820571,0.7414162393717141
screen_B2-4_clean_green_masked,screen,B2-4,clean_green_masked,11,0.3921471493262233,1.1688008279685516,0.6626506024096386,0.5780053280053281,0.719217000032844
screen_B2-4_clean_green_masked,screen,B2-4,clean_green_masked,12,0.28797607029026207,1.1152717478304024,0.6506024096385542,0.5688369408369408,0.8318959885012414
screen_B2-4_clean_green_masked,screen,B2-4,clean_green_masked,13,0.3170106913104202,0.9340935749820916,0.6746987951807228,0.572983682983683,0.7985005355230275
screen_B2-4_clean_green_masked,screen,B2-4,clean_green_masked,14,0.32406702233534873,0.9203454107046127,0.6746987951807228,0.5315734989648033,0.7802294792586055
screen_B2-4_clean_green_masked,screen,B2-4,clean_green_masked,15,0.32254634418270806,0.9536417941731142,0.6626506024096386,0.5017543859649123,0.7414330218068537
screen_B2-4_clean_green_masked,screen,B2-4,clean_green_masked,16,0.27693125703230953,1.0581683412373784,0.6506024096385542,0.5007816014394961,0.7489770503469134
screen_B2-4_white_balance,screen,B2-4,white_balance,1,1.4164610711011019,1.3838040290108646,0.4457831325301205,0.3407978977544195,0.5241343967201564
screen_B2-4_white_balance,screen,B2-4,white_balance,2,1.1664913524280895,1.2452639477798737,0.5421686746987951,0.45653965723866363,0.6668004817342432
screen_B2-4_white_balance,screen,B2-4,white_balance,3,1.0464715506091262,1.1998625124793454,0.5421686746987951,0.45789944197163746,0.6690124325592306
screen_B2-4_white_balance,screen,B2-4,white_balance,4,0.936573683312445,1.1385139851685029,0.6024096385542169,0.5257130922544457,0.692615826468143
screen_B2-4_white_balance,screen,B2-4,white_balance,5,0.735611202229153,1.1226571647517651,0.6385542168674698,0.5636556423746619,0.6926582639037242
screen_B2-4_white_balance,screen,B2-4,white_balance,6,0.715380175185926,1.1265824523316808,0.6024096385542169,0.535137085137085,0.6995197635759143
screen_B2-4_white_balance,screen,B2-4,white_balance,7,0.601442542310917,1.0369979337037327,0.6385542168674698,0.571279178338002,0.6669317812081992
screen_B2-4_white_balance,screen,B2-4,white_balance,8,0.5226374571070527,1.0364227582173176,0.6024096385542169,0.5186020428042637,0.6460696757583072
screen_B2-4_white_balance,screen,B2-4,white_balance,9,0.4376928702448354,1.0978340836892646,0.5662650602409639,0.4811211400244753,0.6514453459452848
screen_B2-4_white_balance,screen,B2-4,white_balance,10,0.4557604371824048,1.0629109632538025,0.6144578313253012,0.48522340333592595,0.6664772496651378
screen_B2-4_white_balance,screen,B2-4,white_balance,11,0.3990810043884046,1.1413259585219693,0.6024096385542169,0.5098570246957344,0.6572498166801743
screen_B2-4_white_balance,screen,B2-4,white_balance,12,0.3238792001523755,1.1822230675852443,0.6506024096385542,0.5232542819499342,0.7039098173515982
screen_B2-4_white_balance,screen,B2-4,white_balance,13,0.37303239709951663,1.0879909791142108,0.5542168674698795,0.4041869465495139,0.6992985431280352
screen_B2-4_white_balance_clahe,screen,B2-4,white_balance_clahe,1,1.424728522156224,1.4157420547611743,0.40963855421686746,0.30702542668059907,0.5348161624460812
screen_B2-4_white_balance_clahe,screen,B2-4,white_balance_clahe,2,1.1709430300828183,1.2430883947625218,0.5060240963855421,0.40801409883377104,0.6394787644787645
screen_B2-4_white_balance_clahe,screen,B2-4,white_balance_clahe,3,1.013409317262245,1.179637369621231,0.6265060240963856,0.5457334959502141,0.7089576028052279
screen_B2-4_white_balance_clahe,screen,B2-4,white_balance_clahe,4,0.8813124996243101,1.125511078231306,0.5903614457831325,0.49083333333333334,0.6561023478956167
screen_B2-4_white_balance_clahe,screen,B2-4,white_balance_clahe,5,0.6780989607175191,1.1657546428312737,0.6024096385542169,0.5191202562545397,0.6870501131144169
screen_B2-4_white_balance_clahe,screen,B2-4,white_balance_clahe,6,0.6630916201707089,1.2220769689743778,0.5060240963855421,0.3992884823073502,0.6635306715618785
screen_B2-4_white_balance_clahe,screen,B2-4,white_balance_clahe,7,0.5148830903298927,1.1404851610402027,0.5903614457831325,0.49104761904761907,0.6678000920908157
screen_B2-4_white_balance_clahe,screen,B2-4,white_balance_clahe,8,0.516448744318702,1.0925689038023891,0.6506024096385542,0.5365101838052657,0.6278309773521813
screen_B2-4_white_balance_clahe,screen,B2-4,white_balance_clahe,9,0.3751432650017016,1.0876032085303802,0.6144578313253012,0.47140917370425567,0.6904602073543671
confirm_B2-4_gray_gamma_clahe,confirm,B2-4,gray_gamma_clahe,1,1.459273227778348,1.1779264132660556,0.5421686746987951,0.4704591532498509,0.6625896991763583
confirm_B2-4_gray_gamma_clahe,confirm,B2-4,gray_gamma_clahe,2,1.1270102661667447,0.9887337957520083,0.6746987951807228,0.5788373994820771,0.750117886031412
confirm_B2-4_gray_gamma_clahe,confirm,B2-4,gray_gamma_clahe,3,1.0254290488633242,0.9482797233455152,0.6385542168674698,0.5457142857142856,0.7363327423167849
confirm_B2-4_gray_gamma_clahe,confirm,B2-4,gray_gamma_clahe,4,0.8775428143414584,0.9175209920090365,0.6144578313253012,0.5043771043771044,0.7272032408469006
confirm_B2-4_gray_gamma_clahe,confirm,B2-4,gray_gamma_clahe,5,0.6814051994771668,0.9223112097705704,0.6506024096385542,0.5309814563545906,0.7566474572844
confirm_B2-4_gray_gamma_clahe,confirm,B2-4,gray_gamma_clahe,6,0.5891274296876156,0.913721381181694,0.6385542168674698,0.49513858424725826,0.7475824363574235
confirm_B2-4_gray_gamma_clahe,confirm,B2-4,gray_gamma_clahe,7,0.5224778758757043,0.8705159784799599,0.6867469879518072,0.5918407128933445,0.8091549046658884
confirm_B2-4_gray_gamma_clahe,confirm,B2-4,gray_gamma_clahe,8,0.5019399091601372,0.8843068832374481,0.6746987951807228,0.5833122529644268,0.8100686498855835
confirm_B2-4_gray_gamma_clahe,confirm,B2-4,gray_gamma_clahe,9,0.4110648767966213,0.9449114950306444,0.6626506024096386,0.5848017936805122,0.8058905210845575
confirm_B2-4_gray_gamma_clahe,confirm,B2-4,gray_gamma_clahe,10,0.437365704052376,0.9501237818993717,0.6626506024096386,0.56011544011544,0.8399109792284867
confirm_B2-4_gray_gamma_clahe,confirm,B2-4,gray_gamma_clahe,11,0.3993435095882777,1.1557967425828957,0.6385542168674698,0.5321524898304829,0.7537252600345626
confirm_B2-4_gray_gamma_clahe,confirm,B2-4,gray_gamma_clahe,12,0.27294193402384265,0.9908039189246763,0.6506024096385542,0.5135101010101011,0.7629700142789149
confirm_B2-4_gray_gamma_clahe,confirm,B2-4,gray_gamma_clahe,13,0.3430360085810676,0.9755212682557394,0.6987951807228916,0.5557495862580609,0.7938614375208511
confirm_B2-4_gray_gamma_clahe,confirm,B2-4,gray_gamma_clahe,14,0.35533783631117055,0.9081623581159546,0.6746987951807228,0.5318433289210196,0.8145852850039634
confirm_B2-4_gray_gamma_clahe,confirm,B2-4,gray_gamma_clahe,15,0.3451514240467187,0.9052876873188708,0.6987951807228916,0.5508757525998906,0.8249916768394185
confirm_B2-4_gray_gamma_clahe,confirm,B2-4,gray_gamma_clahe,16,0.2930970689676928,1.083114554005933,0.6626506024096386,0.564044916831802,0.8108666239407534
confirm_B2-4_gray_gamma_clahe,confirm,B2-4,gray_gamma_clahe,17,0.2764168598660917,1.0064622479749012,0.6506024096385542,0.55837870538415,0.8291176470588235
confirm_B2-4_gray_gamma_clahe,confirm,B2-4,gray_gamma_clahe,18,0.23078060200945896,1.0302302632705276,0.6746987951807228,0.5754940711462451,0.8062256809338522
confirm_B2-4_gray_gamma_clahe,confirm,B2-4,gray_gamma_clahe,19,0.21205988036412182,1.0021164769149689,0.6746987951807228,0.5781983671237158,0.7840061893374596
confirm_B2-4_gamma_correction,confirm,B2-4,gamma_correction,1,1.4543853983734594,1.124744678836271,0.5662650602409639,0.46782657148881057,0.6306246909510467
confirm_B2-4_gamma_correction,confirm,B2-4,gamma_correction,2,1.15523901310834,0.9306756925870137,0.6626506024096386,0.5578256963162623,0.7632829829935566
confirm_B2-4_gamma_correction,confirm,B2-4,gamma_correction,3,1.0081956213170833,0.9045528651001942,0.6626506024096386,0.5733221288515405,0.7235828765697634
confirm_B2-4_gamma_correction,confirm,B2-4,gamma_correction,4,0.8849163470846234,0.8235426358429783,0.7469879518072289,0.59783747964381,0.8766890696851787
confirm_B2-4_gamma_correction,confirm,B2-4,gamma_correction,5,0.7244853826183262,0.9041520112968353,0.7590361445783133,0.6361629881154499,0.8321508140531277
confirm_B2-4_gamma_correction,confirm,B2-4,gamma_correction,6,0.6363642853317839,0.8402277037321803,0.6987951807228916,0.5597862780813601,0.8301580581428168
confirm_B2-4_gamma_correction,confirm,B2-4,gamma_correction,7,0.5648191348169789,0.7932325091706701,0.6867469879518072,0.5219114219114219,0.8127071433608349
confirm_B2-4_gamma_correction,confirm,B2-4,gamma_correction,8,0.5358264395684907,0.8557717735508839,0.6987951807228916,0.5857989417989418,0.8214927899023375
confirm_B2-4_gamma_correction,confirm,B2-4,gamma_correction,9,0.40722260177135466,0.8074846289244043,0.6867469879518072,0.5165298142717497,0.8232066139571825
confirm_B2-4_gamma_correction,confirm,B2-4,gamma_correction,10,0.4545563817475781,0.8522353674992021,0.6626506024096386,0.4800991279252148,0.7970514203523913
confirm_B2-4_gamma_correction,confirm,B2-4,gamma_correction,11,0.4304453853404883,0.88388538647847,0.7108433734939759,0.55820649938297,0.7327907397359379
confirm_B2-4_gamma_correction,confirm,B2-4,gamma_correction,12,0.3533419957666686,0.8924775798636747,0.6867469879518072,0.5135708502024292,0.7698051486275067
confirm_B2-4_gamma_correction,confirm,B2-4,gamma_correction,13,0.3430876008488915,0.8769491875028036,0.6867469879518072,0.5497216683283483,0.7948468279529624
confirm_B2-4_gamma_correction,confirm,B2-4,gamma_correction,14,0.37696248278247585,0.9039606067789606,0.6867469879518072,0.5053968253968254,0.8320641577456498
confirm_B2-4_gamma_correction,confirm,B2-4,gamma_correction,15,0.3424522427898465,0.8653417261968176,0.6626506024096386,0.4886853101896496,0.7693554612118872
confirm_B2-4_gamma_correction,confirm,B2-4,gamma_correction,16,0.2897214709583557,0.8704108301415501,0.6987951807228916,0.5330576923076923,0.8076139636159303
confirm_B2-4_gamma_correction,confirm,B2-4,gamma_correction,17,0.25755519510218594,0.9002419706568661,0.7228915662650602,0.5557422969187675,0.8036519553485622
confirm_B2-5_gray_gamma_clahe,confirm,B2-5,gray_gamma_clahe,1,1.4756986105080807,1.3293434273765747,0.3373493975903614,0.3251998050682261,0.6840390879478828
confirm_B2-5_gray_gamma_clahe,confirm,B2-5,gray_gamma_clahe,2,1.3196884267257922,1.2196509177426258,0.4457831325301205,0.3635470400393024,0.7245536651963873
confirm_B2-5_gray_gamma_clahe,confirm,B2-5,gray_gamma_clahe,3,1.2202219468174558,1.0810658141791103,0.5421686746987951,0.4437976665883642,0.7245732270534706
confirm_B2-5_gray_gamma_clahe,confirm,B2-5,gray_gamma_clahe,4,1.1761904550321174,0.8734431230878256,0.6746987951807228,0.5243552803734977,0.8297888500683579
confirm_B2-5_gray_gamma_clahe,confirm,B2-5,gray_gamma_clahe,5,1.0248101595676307,0.9928649017609745,0.6385542168674698,0.5386695526695526,0.7866038932852516
confirm_B2-5_gray_gamma_clahe,confirm,B2-5,gray_gamma_clahe,6,1.020917578538259,0.9816023987459849,0.6506024096385542,0.5394464193479779,0.8196031690387716
confirm_B2-5_gray_gamma_clahe,confirm,B2-5,gray_gamma_clahe,7,0.9069099684556325,0.9527573966118227,0.6385542168674698,0.5418896148709813,0.7640369580668088
confirm_B2-5_gray_gamma_clahe,confirm,B2-5,gray_gamma_clahe,8,0.8347002770864602,1.0309840512562947,0.6144578313253012,0.53326981458129,0.7961338479696322
confirm_B2-5_gray_gamma_clahe,confirm,B2-5,gray_gamma_clahe,9,0.8718149141831831,0.9309269753565271,0.6626506024096386,0.5774970760233917,0.7959398707502108
confirm_B2-5_gray_gamma_clahe,confirm,B2-5,gray_gamma_clahe,10,0.8241827325387434,0.9531439172934337,0.6385542168674698,0.555456150651758,0.7276620730148862
confirm_B2-5_gray_gamma_clahe,confirm,B2-5,gray_gamma_clahe,11,0.7445796655886101,0.9232221712549049,0.6506024096385542,0.49457921533393223,0.7443114191696423
confirm_B2-5_gray_gamma_clahe,confirm,B2-5,gray_gamma_clahe,12,0.7304254174232483,0.9676704435463411,0.6506024096385542,0.4947099364335898,0.7795595898470331
confirm_B2-5_gray_gamma_clahe,confirm,B2-5,gray_gamma_clahe,13,0.689246755657774,0.9510442226766104,0.6506024096385542,0.5147761674718196,0.796195746152516
confirm_B2-5_gray_gamma_clahe,confirm,B2-5,gray_gamma_clahe,14,0.6944781724250678,1.0891391204064151,0.5783132530120482,0.46550634550634556,0.7206007472348611
confirm_B2-5_gray_gamma_clahe,confirm,B2-5,gray_gamma_clahe,15,0.691782741835623,0.9684594316654894,0.5903614457831325,0.44523679228287955,0.7533765532144787
confirm_B2-5_gray_gamma_clahe,confirm,B2-5,gray_gamma_clahe,16,0.6185204048951467,1.025418732539717,0.5421686746987951,0.42487215560170616,0.679155515908415
confirm_B2-5_gray_gamma_clahe,confirm,B2-5,gray_gamma_clahe,17,0.586004118214954,0.9581141565219465,0.6265060240963856,0.4715151515151515,0.7885682381268102
confirm_B2-5_gray_gamma_clahe,confirm,B2-5,gray_gamma_clahe,18,0.5519846128694939,0.9455328655530171,0.6626506024096386,0.5270192307692307,0.74113977884888
confirm_B2-5_gray_gamma_clahe,confirm,B2-5,gray_gamma_clahe,19,0.5211203344843605,1.1043141211371823,0.6385542168674698,0.5062482785756444,0.7734151191399009
confirm_B2-5_gray_gamma_clahe,confirm,B2-5,gray_gamma_clahe,20,0.48364789923935225,1.1586413922080074,0.6144578313253012,0.5398707351880712,0.7713332849996375
confirm_B2-5_gray_gamma_clahe,confirm,B2-5,gray_gamma_clahe,21,0.4882722439639496,1.0644631177546031,0.6265060240963856,0.4855390486574895,0.6782945736434108
confirm_B2-5_gamma_correction,confirm,B2-5,gamma_correction,1,1.4415510741147128,1.4434218464127506,0.43373493975903615,0.3975357018460467,0.6228266596417281
confirm_B2-5_gamma_correction,confirm,B2-5,gamma_correction,2,1.2386054678396745,1.1224819285323822,0.6024096385542169,0.5250703483222907,0.7197960063209309
confirm_B2-5_gamma_correction,confirm,B2-5,gamma_correction,3,1.2250262199026165,1.106302218264844,0.5180722891566265,0.4597660098522168,0.6422065925517777
confirm_B2-5_gamma_correction,confirm,B2-5,gamma_correction,4,1.1628602461381392,0.9964385772325907,0.5903614457831325,0.5443796141938557,0.8075445578819865
confirm_B2-5_gamma_correction,confirm,B2-5,gamma_correction,5,0.9972942240310437,1.2079477231186557,0.6144578313253012,0.5220296643247463,0.8119296956335355
confirm_B2-5_gamma_correction,confirm,B2-5,gamma_correction,6,1.0063563187917073,1.006097464676363,0.6024096385542169,0.5424948178436549,0.6959498784621179
confirm_B2-5_gamma_correction,confirm,B2-5,gamma_correction,7,0.9112246430281437,1.0046778400260281,0.6506024096385542,0.5690750981073561,0.723703450206888
confirm_B2-5_gamma_correction,confirm,B2-5,gamma_correction,8,0.8567951720772368,1.0626799801746047,0.5903614457831325,0.44341829085457274,0.7323610330444044
confirm_B2-5_gamma_correction,confirm,B2-5,gamma_correction,9,0.8821909452929642,0.9706007601266884,0.6265060240963856,0.4738501291989664,0.7890498208653581
confirm_B2-5_gamma_correction,confirm,B2-5,gamma_correction,10,0.8751088541565519,0.9290511514767107,0.6385542168674698,0.4875,0.7447178389943836
confirm_B2-5_gamma_correction,confirm,B2-5,gamma_correction,11,0.7627167057810408,1.0868657532944737,0.5783132530120482,0.46425305688463575,0.7421826465106647
confirm_B2-5_gamma_correction,confirm,B2-5,gamma_correction,12,0.723826102867271,0.9883933282760252,0.6385542168674698,0.5378661951075744,0.7872649229534014
confirm_B2-5_gamma_correction,confirm,B2-5,gamma_correction,13,0.7331658308253144,0.9273975610014904,0.6385542168674698,0.5519075568598679,0.7469425507862012
confirm_B2-5_gamma_correction,confirm,B2-5,gamma_correction,14,0.7092135088913368,0.8917091388300241,0.5903614457831325,0.42725855117554,0.7482850747346379
confirm_B2-5_gamma_correction,confirm,B2-5,gamma_correction,15,0.6838880896568298,0.9120897514274321,0.6385542168674698,0.5342055024178465,0.7385639630610639
confirm_B2-5_gamma_correction,confirm,B2-5,gamma_correction,16,0.6450487510724501,0.9980232586343605,0.5903614457831325,0.47616401589415086,0.7537444146559429
confirm_B2-5_gamma_correction,confirm,B2-5,gamma_correction,17,0.5681358020414006,1.0416323506688496,0.5542168674698795,0.49526698189366847,0.7063605570191946
confirm_B2-5_gamma_correction,confirm,B2-5,gamma_correction,18,0.5474575176383509,0.9424598611981035,0.6144578313253012,0.5341416704235294,0.6974998177709746
confirm_B2-5_gamma_correction,confirm,B2-5,gamma_correction,19,0.48491948734630236,1.1167933021683292,0.5662650602409639,0.5210008271298594,0.6665788607178136
confirm_B2-6_gray_gamma_clahe,confirm,B2-6,gray_gamma_clahe,1,1.4743165254592896,1.3042843025850963,0.46987951807228917,0.455896832071769,0.6820639927895449
confirm_B2-6_gray_gamma_clahe,confirm,B2-6,gray_gamma_clahe,2,1.1654647198590364,1.077980732343283,0.5662650602409639,0.5016455026455027,0.7980677691195656
confirm_B2-6_gray_gamma_clahe,confirm,B2-6,gray_gamma_clahe,3,1.0280359253738867,0.9890006170215377,0.6385542168674698,0.5841472038270668,0.8593485219356054
confirm_B2-6_gray_gamma_clahe,confirm,B2-6,gray_gamma_clahe,4,0.8929081468871145,0.9994816823178027,0.5903614457831325,0.5211401113298189,0.6899557277255118
confirm_B2-6_gray_gamma_clahe,confirm,B2-6,gray_gamma_clahe,5,0.7446305493513743,0.9447098683161907,0.6506024096385542,0.5659716786451291,0.7991981751572544
confirm_B2-6_gray_gamma_clahe,confirm,B2-6,gray_gamma_clahe,6,0.6089550802201936,1.010322949254369,0.5662650602409639,0.4874106727922138,0.6894738616063905
confirm_B2-6_gray_gamma_clahe,confirm,B2-6,gray_gamma_clahe,7,0.5372132679729751,0.9420826255557049,0.5903614457831325,0.5163060335890525,0.7970084712721086
confirm_B2-6_gray_gamma_clahe,confirm,B2-6,gray_gamma_clahe,8,0.540492791863102,0.9716851086501616,0.6746987951807228,0.5940953783059045,0.8247127465368508
confirm_B2-6_gray_gamma_clahe,confirm,B2-6,gray_gamma_clahe,9,0.4476537226275964,0.994153311812734,0.6144578313253012,0.5312773109243698,0.809379167284042
confirm_B2-6_gray_gamma_clahe,confirm,B2-6,gray_gamma_clahe,10,0.4081943102406733,0.9981140594884573,0.6385542168674698,0.5721816724277758,0.8338646304396174
confirm_B2-6_gray_gamma_clahe,confirm,B2-6,gray_gamma_clahe,11,0.40053377308403,1.0840611364468034,0.6385542168674698,0.5347390239306576,0.8010366051182378
confirm_B2-6_gray_gamma_clahe,confirm,B2-6,gray_gamma_clahe,12,0.2852285873031977,1.018937885761261,0.6506024096385542,0.5990338164251208,0.7694049048190705
confirm_B2-6_gray_gamma_clahe,confirm,B2-6,gray_gamma_clahe,13,0.34171684436274297,1.2064383094569286,0.6265060240963856,0.5431017270639912,0.7663637983253162
confirm_B2-6_gray_gamma_clahe,confirm,B2-6,gray_gamma_clahe,14,0.3477681255645373,1.0461116544453495,0.6626506024096386,0.5825396825396825,0.7865528679512505
confirm_B2-6_gray_gamma_clahe,confirm,B2-6,gray_gamma_clahe,15,0.3449764928808718,1.10961157837546,0.6385542168674698,0.5611677211677211,0.7425393090170072
confirm_B2-6_gray_gamma_clahe,confirm,B2-6,gray_gamma_clahe,16,0.28717004646631805,1.1328107973179184,0.6385542168674698,0.5535053113429486,0.7585264117214063
confirm_B2-6_gray_gamma_clahe,confirm,B2-6,gray_gamma_clahe,17,0.2678828174022563,1.2330299267567784,0.6385542168674698,0.5547907647907648,0.8248750694058856
confirm_B2-6_gray_gamma_clahe,confirm,B2-6,gray_gamma_clahe,18,0.25429572882977397,1.160060709140387,0.6385542168674698,0.5408929413298826,0.7776571097596293
confirm_B2-6_gray_gamma_clahe,confirm,B2-6,gray_gamma_clahe,19,0.2783687801749417,1.2382115491901535,0.5783132530120482,0.500914477776444,0.7360844194416297
confirm_B2-6_gray_gamma_clahe,confirm,B2-6,gray_gamma_clahe,20,0.1775500097622474,1.0687874282699033,0.6626506024096386,0.5455685055685056,0.7827856935155568
confirm_B2-6_gray_gamma_clahe,confirm,B2-6,gray_gamma_clahe,21,0.2217371601837151,1.1024406405098468,0.6867469879518072,0.5790617848970252,0.7908577918160201
confirm_B2-6_gray_gamma_clahe,confirm,B2-6,gray_gamma_clahe,22,0.22021236811397654,1.0084950047803212,0.6746987951807228,0.5911938476270274,0.7779900649598777
confirm_B2-6_gray_gamma_clahe,confirm,B2-6,gray_gamma_clahe,23,0.23652355244213885,1.2066527030554162,0.6144578313253012,0.5585324397824397,0.7692435370762272
confirm_B2-6_gray_gamma_clahe,confirm,B2-6,gray_gamma_clahe,24,0.24047718830406667,1.0902186230004551,0.6385542168674698,0.5363354911342527,0.8035291585969443
confirm_B2-6_gamma_correction,confirm,B2-6,gamma_correction,1,1.4934400565696486,1.169879463063665,0.4819277108433735,0.42810210876803556,0.5780233188720174
confirm_B2-6_gamma_correction,confirm,B2-6,gamma_correction,2,1.1910763249252783,1.0131809244672936,0.6626506024096386,0.6044234273840523,0.737198384103068
confirm_B2-6_gamma_correction,confirm,B2-6,gamma_correction,3,1.0461926781769955,0.9945663666150656,0.6506024096385542,0.5680172653856864,0.8316308048974861
confirm_B2-6_gamma_correction,confirm,B2-6,gamma_correction,4,0.9307271406506047,0.91426431701844,0.6987951807228916,0.6002089864158829,0.7931893687707641
confirm_B2-6_gamma_correction,confirm,B2-6,gamma_correction,5,0.7985978983568423,0.9928140001124647,0.6867469879518072,0.5828595834393516,0.8032109470261481
confirm_B2-6_gamma_correction,confirm,B2-6,gamma_correction,6,0.7040713100722342,0.945276895919478,0.6506024096385542,0.5653975653975654,0.7889659015708266
confirm_B2-6_gamma_correction,confirm,B2-6,gamma_correction,7,0.5955438148794752,0.8796127395457533,0.6506024096385542,0.5656012836218786,0.760183227625088
confirm_B2-6_gamma_correction,confirm,B2-6,gamma_correction,8,0.5775170324426708,0.9695831623422094,0.6385542168674698,0.5435148477253741,0.8262057706640167
confirm_B2-6_gamma_correction,confirm,B2-6,gamma_correction,9,0.4570532222137307,0.9089518038623304,0.6746987951807228,0.6136741041244085,0.8072400191690936
confirm_B2-6_gamma_correction,confirm,B2-6,gamma_correction,10,0.47191155724453204,0.9694167260664055,0.6746987951807228,0.5300577249575552,0.8123452359590885
confirm_B2-6_gamma_correction,confirm,B2-6,gamma_correction,11,0.4223960249712973,0.9763354113303035,0.6626506024096386,0.5765876152832674,0.7197324853293119
confirm_B2-6_gamma_correction,confirm,B2-6,gamma_correction,12,0.3751515660547849,0.9749696024929184,0.6987951807228916,0.6005423083291935,0.8451860141757385
confirm_B2-6_gamma_correction,confirm,B2-6,gamma_correction,13,0.36827379167079927,1.0473917227193534,0.6144578313253012,0.4843570943860239,0.774780526735834
confirm_B2-6_gamma_correction,confirm,B2-6,gamma_correction,14,0.40008357875049116,0.9804859003388738,0.6987951807228916,0.5440256113042998,0.8411123873168355
confirm_B2-6_gamma_correction,confirm,B2-6,gamma_correction,15,0.3396892484390374,1.0258211622755211,0.6385542168674698,0.4760035366931918,0.8231115320861947
confirm_B2-6_gamma_correction,confirm,B2-6,gamma_correction,16,0.29463712098923595,1.0275170795888786,0.6144578313253012,0.4782953761214631,0.7449775466792721
confirm_B2-6_gamma_correction,confirm,B2-6,gamma_correction,17,0.2715740741879651,1.0333731289369514,0.6626506024096386,0.5184934576736788,0.8479000710572572
confirm_B2-6_gamma_correction,confirm,B2-6,gamma_correction,18,0.2838861074863058,1.0081295119710716,0.6987951807228916,0.5552279377235128,0.8301580581428168
confirm_B2-6_gamma_correction,confirm,B2-6,gamma_correction,19,0.20301048287162274,1.048093820910856,0.6506024096385542,0.5371376811594203,0.816702340909863
confirm_B2-6_gamma_correction,confirm,B2-6,gamma_correction,20,0.21528738742186265,0.9929166917341301,0.6746987951807228,0.5793709421753197,0.8145547398659432
confirm_B2-6_gamma_correction,confirm,B2-6,gamma_correction,21,0.24383656343050075,0.985205369541444,0.6987951807228916,0.5592873214859715,0.8199700822737472
